,location,date,total_cases,new_deaths_smoothed_per_million
341058,United States,2020-04-01,188679.0,1.347
341059,United States,2020-04-02,211939.0,1.674
341060,United States,2020-04-03,240613.0,2.02
341061,United States,2020-04-04,270403.0,2.429
341062,United States,2020-04-05,302460.0,2.805
341063,United States,2020-04-06,334594.0,3.22
341064,United States,2020-04-07,361578.0,3.731
341065,United States,2020-04-08,390207.0,4.178
341066,United States,2020-04-09,419562.0,4.647
341067,United States,2020-04-10,453710.0,5.112
341068,United States,2020-04-11,488453.0,5.5
341069,United States,2020-04-12,521632.0,5.865
341070,United States,2020-04-13,553167.0,6.141
341071,United States,2020-04-14,580261.0,6.134
341072,United States,2020-04-15,605505.0,6.224
341073,United States,2020-04-16,630764.0,6.367
341074,United States,2020-04-17,655972.0,6.583
341075,United States,2020-04-18,687466.0,6.673
341076,United States,2020-04-19,717782.0,6.714
341077,United States,2020-04-20,746063.0,6.568
341078,United States,2020-04-21,772133.0,6.626
341079,United States,2020-04-22,798561.0,6.698
341080,United States,2020-04-23,824488.0,6.8
341081,United States,2020-04-24,854958.0,6.585
341082,United States,2020-04-25,888169.0,6.39
341083,United States,2020-04-26,922947.0,6.292
341084,United States,2020-04-27,956550.0,6.31
341085,United States,2020-04-28,982613.0,6.117
341086,United States,2020-04-29,1006371.0,5.869
341087,United States,2020-04-30,1030306.0,5.631
341088,United States,2020-05-01,1057080.0,5.714
341089,United States,2020-05-02,1088301.0,5.821
341090,United States,2020-05-03,1121383.0,5.758
341091,United States,2020-05-04,1149675.0,5.638
341092,United States,2020-05-05,1175602.0,5.587
341093,United States,2020-05-06,1197926.0,5.494
341094,United States,2020-05-07,1220804.0,5.631
341095,United States,2020-05-08,1246244.0,5.599
341096,United States,2020-05-09,1274796.0,5.512
341097,United States,2020-05-10,1303629.0,5.388
341098,United States,2020-05-11,1329546.0,5.338
341099,United States,2020-05-12,1350202.0,5.195
341100,United States,2020-05-13,1370152.0,5.095
341101,United States,2020-05-14,1394054.0,4.714
341102,United States,2020-05-15,1411390.0,4.362
341103,United States,2020-05-16,1446033.0,4.324
341104,United States,2020-05-17,1472661.0,4.278
341105,United States,2020-05-18,1498742.0,4.171
341106,United States,2020-05-19,1518659.0,4.11
341107,United States,2020-05-20,1541403.0,4.073
341108,United States,2020-05-21,1563326.0,3.923
341109,United States,2020-05-22,1586832.0,3.867
341110,United States,2020-05-23,1613023.0,3.504
341111,United States,2020-05-24,1638986.0,3.614
341112,United States,2020-05-25,1660451.0,3.486
341113,United States,2020-05-26,1681102.0,3.428
341114,United States,2020-05-27,1700481.0,3.318
341115,United States,2020-05-28,1717991.0,3.163
341116,United States,2020-05-29,1737499.0,3.125
341117,United States,2020-05-30,1761681.0,3.196
341118,United States,2020-05-31,1785422.0,2.876
341119,United States,2020-06-01,1809549.0,2.863
341120,United States,2020-06-02,1831015.0,2.814
341121,United States,2020-06-03,1848172.0,2.816
341122,United States,2020-06-04,1869146.0,2.868
341123,United States,2020-06-05,1889841.0,2.757
341124,United States,2020-06-06,1910711.0,2.602
341125,United States,2020-06-07,1935202.0,2.528
341126,United States,2020-06-08,1958487.0,2.428
341127,United States,2020-06-09,1976942.0,2.394
341128,United States,2020-06-10,1995093.0,2.43
341129,United States,2020-06-11,2013674.0,2.385
341130,United States,2020-06-12,2035855.0,2.326
341131,United States,2020-06-13,2058745.0,2.327
341132,United States,2020-06-14,2087078.0,2.268
341133,United States,2020-06-15,2113512.0,2.274
341134,United States,2020-06-16,2134290.0,2.231
341135,United States,2020-06-17,2154881.0,2.125
341136,United States,2020-06-18,2179658.0,2.06
341137,United States,2020-06-19,2205474.0,1.976
341138,United States,2020-06-20,2233994.0,1.873
341139,United States,2020-06-21,2267099.0,1.881
341140,United States,2020-06-22,2300566.0,1.835
341141,United States,2020-06-23,2327911.0,1.803
341142,United States,2020-06-24,2356609.0,1.757
341143,United States,2020-06-25,2394496.0,1.787
341144,United States,2020-06-26,2431816.0,1.791
341145,United States,2020-06-27,2478837.0,2.589
341146,United States,2020-06-28,2525377.0,2.568
341147,United States,2020-06-29,2569030.0,2.575
341148,United States,2020-06-30,2606613.0,2.586
341149,United States,2020-07-01,2645130.0,2.606
341150,United States,2020-07-02,2692383.0,2.57
341151,United States,2020-07-03,2751725.0,2.608
341152,United States,2020-07-04,2807177.0,1.836
341153,United States,2020-07-05,2867543.0,1.88
341154,United States,2020-07-06,2916521.0,1.857
341155,United States,2020-07-07,2956934.0,1.866
341156,United States,2020-07-08,3007697.0,1.924
341157,United States,2020-07-09,3064451.0,2.036
341158,United States,2020-07-10,3129226.0,2.161
341159,United States,2020-07-11,3191169.0,2.27
341160,United States,2020-07-12,3259748.0,2.335
341161,United States,2020-07-13,3328010.0,2.483
341162,United States,2020-07-14,3386690.0,2.643
341163,United States,2020-07-15,3442977.0,2.699
341164,United States,2020-07-16,3507493.0,2.693
341165,United States,2020-07-17,3579882.0,2.712
341166,United States,2020-07-18,3649063.0,2.766
341167,United States,2020-07-19,3726015.0,2.815
341168,United States,2020-07-20,3793339.0,2.864
341169,United States,2020-07-21,3853351.0,2.903
341170,United States,2020-07-22,3911870.0,2.96
341171,United States,2020-07-23,3975206.0,3.078
341172,United States,2020-07-24,4047622.0,3.107
341173,United States,2020-07-25,4120764.0,3.177
341174,United States,2020-07-26,4193916.0,3.263
341175,United States,2020-07-27,4255512.0,3.323
341176,United States,2020-07-28,4313271.0,3.331
341177,United States,2020-07-29,4367278.0,3.36
341178,United States,2020-07-30,4425986.0,3.348
341179,United States,2020-07-31,4490841.0,3.342
341180,United States,2020-08-01,4556982.0,3.404
341181,United States,2020-08-02,4625166.0,3.44
341182,United States,2020-08-03,4681578.0,3.447
341183,United States,2020-08-04,4732427.0,3.435
341184,United States,2020-08-05,4777756.0,3.399
341185,United States,2020-08-06,4829812.0,3.361
341186,United States,2020-08-07,4885404.0,3.395
341187,United States,2020-08-08,4938569.0,3.315
341188,United States,2020-08-09,5001075.0,3.293
341189,United States,2020-08-10,5052754.0,3.242
341190,United States,2020-08-11,5099227.0,3.233
341191,United States,2020-08-12,5142604.0,3.209
341192,United States,2020-08-13,5201562.0,3.22
341193,United States,2020-08-14,5255954.0,3.247
341194,United States,2020-08-15,5307476.0,3.241
341195,United States,2020-08-16,5363737.0,3.127
341196,United States,2020-08-17,5414874.0,3.088
341197,United States,2020-08-18,5456369.0,3.084
341198,United States,2020-08-19,5497958.0,3.017
341199,United States,2020-08-20,5539583.0,2.945
341200,United States,2020-08-21,5586157.0,2.919
341201,United States,2020-08-22,5632344.0,2.837
341202,United States,2020-08-23,5679525.0,2.82
341203,United States,2020-08-24,5722075.0,2.842
341204,United States,2020-08-25,5758285.0,2.82
341205,United States,2020-08-26,5794001.0,2.798
341206,United States,2020-08-27,5834575.0,2.777
341207,United States,2020-08-28,5881005.0,2.692
341208,United States,2020-08-29,5927925.0,2.667
341209,United States,2020-08-30,5974471.0,2.679
341210,United States,2020-08-31,6015379.0,2.608
341211,United States,2020-09-01,6052014.0,2.558
341212,United States,2020-09-02,6090710.0,2.545
341213,United States,2020-09-03,6129888.0,2.536
341214,United States,2020-09-04,6173535.0,2.461
341215,United States,2020-09-05,6218807.0,2.464
341216,United States,2020-09-06,6269724.0,2.409
341217,United States,2020-09-07,6310853.0,2.393
341218,United States,2020-09-08,6345090.0,2.38
341219,United States,2020-09-09,6369966.0,2.322
341220,United States,2020-09-10,6398020.0,2.193
341221,United States,2020-09-11,6432680.0,2.168
341222,United States,2020-09-12,6471263.0,2.119
341223,United States,2020-09-13,6515345.0,2.102
341224,United States,2020-09-14,6555716.0,2.043
341225,United States,2020-09-15,6588604.0,2.058
341226,United States,2020-09-16,6622940.0,2.033
341227,United States,2020-09-17,6659755.0,2.138
341228,United States,2020-09-18,6703665.0,2.253
341229,United States,2020-09-19,6748195.0,2.211
341230,United States,2020-09-20,6796322.0,2.186
341231,United States,2020-09-21,6838503.0,2.191
341232,United States,2020-09-22,6872953.0,2.091
341233,United States,2020-09-23,6914351.0,2.166
341234,United States,2020-09-24,6963879.0,2.107
341235,United States,2020-09-25,7005520.0,2.024
341236,United States,2020-09-26,7051481.0,2.027
341237,United States,2020-09-27,7101096.0,2.017
341238,United States,2020-09-28,7143131.0,2.013
341239,United States,2020-09-29,7178682.0,2.02
341240,United States,2020-09-30,7217084.0,1.962
341241,United States,2020-10-01,7255965.0,2.019
341242,United States,2020-10-02,7301885.0,1.928
341243,United States,2020-10-03,7348509.0,1.925
341244,United States,2020-10-04,7399444.0,1.979
341245,United States,2020-10-05,7447171.0,1.937
341246,United States,2020-10-06,7482945.0,1.978
341247,United States,2020-10-07,7524547.0,2.024
341248,United States,2020-10-08,7566201.0,1.956
341249,United States,2020-10-09,7618795.0,1.997
341250,United States,2020-10-10,7674899.0,1.997
341251,United States,2020-10-11,7733693.0,1.949
341252,United States,2020-10-12,7787909.0,1.998
341253,United States,2020-10-13,7832332.0,1.987
341254,United States,2020-10-14,7881476.0,1.983
341255,United States,2020-10-15,7931973.0,1.99
341256,United States,2020-10-16,7989202.0,2.006
341257,United States,2020-10-17,8052248.0,1.99
341258,United States,2020-10-18,8121327.0,2.027
341259,United States,2020-10-19,8175875.0,2.032
341260,United States,2020-10-20,8224762.0,2.1
341261,United States,2020-10-21,8286124.0,2.149
341262,United States,2020-10-22,8344865.0,2.207
341263,United States,2020-10-23,8413522.0,2.308
341264,United States,2020-10-24,8488425.0,2.4
341265,United States,2020-10-25,8570765.0,2.417
341266,United States,2020-10-26,8646946.0,2.477
341267,United States,2020-10-27,8712556.0,2.421
341268,United States,2020-10-28,8782140.0,2.451
341269,United States,2020-10-29,8857101.0,2.495
341270,United States,2020-10-30,8941511.0,2.497
341271,United States,2020-10-31,9032641.0,2.579
341272,United States,2020-11-01,9130159.0,2.574
341273,United States,2020-11-02,9222942.0,2.619
341274,United States,2020-11-03,9364524.0,2.664
341275,United States,2020-11-04,9451712.0,2.688
341276,United States,2020-11-05,9550211.0,2.745
341277,United States,2020-11-06,9664086.0,2.844
341278,United States,2020-11-07,9786916.0,2.894
341279,United States,2020-11-08,9920253.0,3.042
341280,United States,2020-11-09,10050063.0,3.107
341281,United States,2020-11-10,10161711.0,3.18
341282,United States,2020-11-11,10286198.0,3.261
341283,United States,2020-11-12,10432149.0,3.533
341284,United States,2020-11-13,10585809.0,3.626
341285,United States,2020-11-14,10748109.0,3.676
341286,United States,2020-11-15,10925098.0,3.681
341287,United States,2020-11-16,11089337.0,3.84
341288,United States,2020-11-17,11226901.0,3.902
341289,United States,2020-11-18,11380275.0,3.939
341290,United States,2020-11-19,11547627.0,3.904
341291,United States,2020-11-20,11718531.0,4.037
341292,United States,2020-11-21,11907212.0,4.279
341293,United States,2020-11-22,12100581.0,4.569
341294,United States,2020-11-23,12274442.0,4.676
341295,United States,2020-11-24,12424225.0,4.792
341296,United States,2020-11-25,12584636.0,4.959
341297,United States,2020-11-26,12759819.0,5.085
341298,United States,2020-11-27,12953919.0,5.277
341299,United States,2020-11-28,13098948.0,5.174
341300,United States,2020-11-29,13262982.0,5.046
341301,United States,2020-11-30,13407557.0,4.954
341302,United States,2020-12-01,13548629.0,4.945
341303,United States,2020-12-02,13700534.0,5.001
341304,United States,2020-12-03,13893252.0,5.208
341305,United States,2020-12-04,14103326.0,5.405
341306,United States,2020-12-05,14320108.0,5.856
341307,United States,2020-12-06,14543914.0,6.25
341308,United States,2020-12-07,14749489.0,6.618
341309,United States,2020-12-08,14926398.0,6.747
341310,United States,2020-12-09,15109489.0,6.928
341311,United States,2020-12-10,15336471.0,7.005
341312,United States,2020-12-11,15557722.0,7.244
341313,United States,2020-12-12,15766557.0,7.229
341314,United States,2020-12-13,16012396.0,7.48
341315,United States,2020-12-14,16229549.0,7.508
341316,United States,2020-12-15,16410824.0,7.697
341317,United States,2020-12-16,16609028.0,7.69
341318,United States,2020-12-17,16807678.0,7.773
341319,United States,2020-12-18,17047944.0,7.801
341320,United States,2020-12-19,17294449.0,8.068
341321,United States,2020-12-20,17530324.0,7.967
341322,United States,2020-12-21,17732613.0,8.088
341323,United States,2020-12-22,17919042.0,8.111
341324,United States,2020-12-23,18102595.0,8.184
341325,United States,2020-12-24,18300354.0,8.24
341326,United States,2020-12-25,18526554.0,8.176
341327,United States,2020-12-26,18729104.0,8.043
341328,United States,2020-12-27,18890446.0,7.742
341329,United States,2020-12-28,19037565.0,7.287
341330,United States,2020-12-29,19191907.0,7.208
341331,United States,2020-12-30,19368681.0,7.23
341332,United States,2020-12-31,19577585.0,7.424
341333,United States,2021-01-01,19813403.0,7.646
341334,United States,2021-01-02,20042895.0,7.955
341335,United States,2021-01-03,20271441.0,8.298
341336,United States,2021-01-04,20496759.0,8.608
341337,United States,2021-01-05,20702217.0,8.668
341338,United States,2021-01-06,20876531.0,8.604
341339,United States,2021-01-07,21118972.0,8.665
341340,United States,2021-01-08,21376722.0,8.704
341341,United States,2021-01-09,21646487.0,8.798
341342,United States,2021-01-10,21938592.0,9.078
341343,United States,2021-01-11,22194886.0,9.512
341344,United States,2021-01-12,22419370.0,9.727
341345,United States,2021-01-13,22623492.0,9.941
341346,United States,2021-01-14,22841268.0,9.985
341347,United States,2021-01-15,23067646.0,10.074
341348,United States,2021-01-16,23291229.0,9.983
341349,United States,2021-01-17,23528547.0,9.844
341350,United States,2021-01-18,23738058.0,9.903
341351,United States,2021-01-19,23924641.0,9.922
341352,United States,2021-01-20,24078846.0,9.802
341353,United States,2021-01-21,24229079.0,9.438
341354,United States,2021-01-22,24417345.0,9.336
341355,United States,2021-01-23,24604989.0,9.375
341356,United States,2021-01-24,24794408.0,9.499
341357,United States,2021-01-25,24959920.0,9.298
341358,United States,2021-01-26,25101474.0,9.247
341359,United States,2021-01-27,25237065.0,9.157
341360,United States,2021-01-28,25383008.0,9.51
341361,United States,2021-01-29,25541973.0,9.563
341362,United States,2021-01-30,25698795.0,9.57
341363,United States,2021-01-31,25863033.0,9.396
341364,United States,2021-02-01,26001856.0,9.292
341365,United States,2021-02-02,26113794.0,9.213
341366,United States,2021-02-03,26242837.0,9.294
341367,United States,2021-02-04,26364167.0,9.029
341368,United States,2021-02-05,26472836.0,8.746
341369,United States,2021-02-06,26595456.0,8.432
341370,United States,2021-02-07,26720283.0,8.488
341371,United States,2021-02-08,26830463.0,8.478
341372,United States,2021-02-09,26923394.0,8.258
341373,United States,2021-02-10,27004120.0,8.021
341374,United States,2021-02-11,27095537.0,7.82
341375,United States,2021-02-12,27193876.0,7.623
341376,United States,2021-02-13,27293424.0,7.676
341377,United States,2021-02-14,27390855.0,8.377
341378,United States,2021-02-15,27476076.0,8.594
341379,United States,2021-02-16,27543489.0,8.51
341380,United States,2021-02-17,27601555.0,8.391
341381,United States,2021-02-18,27658426.0,7.942
341382,United States,2021-02-19,27722196.0,7.676
341383,United States,2021-02-20,27790764.0,7.251
341384,United States,2021-02-21,27864340.0,6.095
341385,United States,2021-02-22,27929850.0,5.471
341386,United States,2021-02-23,27986478.0,5.451
341387,United States,2021-02-24,28042299.0,5.493
341388,United States,2021-02-25,28112461.0,5.625
341389,United States,2021-02-26,28184819.0,5.538
341390,United States,2021-02-27,28256817.0,5.792
341391,United States,2021-02-28,28330091.0,5.642
341392,United States,2021-03-01,28398389.0,5.555
341393,United States,2021-03-02,28450959.0,5.345
341394,United States,2021-03-03,28502073.0,5.275
341395,United States,2021-03-04,28555834.0,5.026
341396,United States,2021-03-05,28621877.0,4.993
341397,United States,2021-03-06,28686736.0,4.429
341398,United States,2021-03-07,28750830.0,4.411
341399,United States,2021-03-08,28808540.0,4.261
341400,United States,2021-03-09,28852298.0,4.205
341401,United States,2021-03-10,28895001.0,3.985
341402,United States,2021-03-11,28949089.0,4.016
341403,United States,2021-03-12,29010844.0,3.881
341404,United States,2021-03-13,29070608.0,3.797
341405,United States,2021-03-14,29134830.0,3.614
341406,United States,2021-03-15,29187104.0,3.48
341407,United States,2021-03-16,29234334.0,3.377
341408,United States,2021-03-17,29277866.0,3.331
341409,United States,2021-03-18,29329672.0,3.184
341410,United States,2021-03-19,29389260.0,2.972
341411,United States,2021-03-20,29452359.0,2.82
341412,United States,2021-03-21,29514381.0,2.645
341413,United States,2021-03-22,29572837.0,2.544
341414,United States,2021-03-23,29618065.0,2.503
341415,United States,2021-03-24,29666293.0,2.606
341416,United States,2021-03-25,29723977.0,2.564
341417,United States,2021-03-26,29791998.0,2.585
341418,United States,2021-03-27,29857365.0,2.596
341419,United States,2021-03-28,29932199.0,2.581
341420,United States,2021-03-29,29995402.0,2.637
341421,United States,2021-03-30,30048658.0,2.664
341422,United States,2021-03-31,30106672.0,2.5
341423,United States,2021-04-01,30168461.0,2.489
341424,United States,2021-04-02,30238028.0,2.414
341425,United States,2021-04-03,30311713.0,2.345
341426,United States,2021-04-04,30382159.0,2.26
341427,United States,2021-04-05,30445854.0,2.2
341428,United States,2021-04-06,30491576.0,2.163
341429,United States,2021-04-07,30547976.0,2.085
341430,United States,2021-04-08,30611633.0,2.093
341431,United States,2021-04-09,30686260.0,2.04
341432,United States,2021-04-10,30761694.0,2.061
341433,United States,2021-04-11,30838109.0,2.07
341434,United States,2021-04-12,30906220.0,2.084
341435,United States,2021-04-13,30959459.0,2.057
341436,United States,2021-04-14,31019894.0,2.129
341437,United States,2021-04-15,31092100.0,2.13
341438,United States,2021-04-16,31162754.0,2.114
341439,United States,2021-04-17,31234252.0,2.083
341440,United States,2021-04-18,31305326.0,2.059
341441,United States,2021-04-19,31382538.0,2.011
341442,United States,2021-04-20,31431875.0,2.024
341443,United States,2021-04-21,31467156.0,1.994
341444,United States,2021-04-22,31524474.0,1.992
341445,United States,2021-04-23,31587523.0,1.986
341446,United States,2021-04-24,31649002.0,1.982
341447,United States,2021-04-25,31711421.0,1.994
341448,United States,2021-04-26,31763119.0,2.005
341449,United States,2021-04-27,31803966.0,1.978
341450,United States,2021-04-28,31834165.0,1.98
341451,United States,2021-04-29,31884478.0,1.895
341452,United States,2021-04-30,31938874.0,1.923
341453,United States,2021-05-01,31994517.0,1.91
341454,United States,2021-05-02,32049828.0,1.897
341455,United States,2021-05-03,32098180.0,1.881
341456,United States,2021-05-04,32134773.0,1.909
341457,United States,2021-05-05,32167726.0,1.91
341458,United States,2021-05-06,32210278.0,1.964
341459,United States,2021-05-07,32254819.0,1.914
341460,United States,2021-05-08,32297511.0,1.88
341461,United States,2021-05-09,32342152.0,1.88
341462,United States,2021-05-10,32379173.0,1.877
341463,United States,2021-05-11,32406711.0,1.838
341464,United States,2021-05-12,32431094.0,1.806
341465,United States,2021-05-13,32464167.0,1.774
341466,United States,2021-05-14,32499951.0,1.759
341467,United States,2021-05-15,32540386.0,1.722
341468,United States,2021-05-16,32575502.0,1.678
341469,United States,2021-05-17,32605339.0,1.607
341470,United States,2021-05-18,32626714.0,1.619
341471,United States,2021-05-19,32646167.0,1.606
341472,United States,2021-05-20,32673806.0,1.611
341473,United States,2021-05-21,32701297.0,1.57
341474,United States,2021-05-22,32729245.0,1.552
341475,United States,2021-05-23,32757111.0,1.53
341476,United States,2021-05-24,32779335.0,1.516
341477,United States,2021-05-25,32795365.0,1.453
341478,United States,2021-05-26,32810126.0,1.535
341479,United States,2021-05-27,32834697.0,1.496
341480,United States,2021-05-28,32858172.0,1.468
341481,United States,2021-05-29,32880142.0,1.47
341482,United States,2021-05-30,32904922.0,1.492
341483,United States,2021-05-31,32920550.0,1.447
341484,United States,2021-06-01,32932900.0,1.433
341485,United States,2021-06-02,32942308.0,1.296
341486,United States,2021-06-03,32951243.0,1.218
341487,United States,2021-06-04,32967291.0,1.207
341488,United States,2021-06-05,32985442.0,1.179
341489,United States,2021-06-06,33004034.0,1.13
341490,United States,2021-06-07,33018768.0,1.169
341491,United States,2021-06-08,33029852.0,1.24
341492,United States,2021-06-09,33039750.0,1.278
341493,United States,2021-06-10,33054064.0,1.27
341494,United States,2021-06-11,33073704.0,1.226
341495,United States,2021-06-12,33089628.0,1.185
341496,United States,2021-06-13,33103599.0,1.108
341497,United States,2021-06-14,33115949.0,1.03
341498,United States,2021-06-15,33124670.0,0.915
341499,United States,2021-06-16,33132945.0,0.863
341500,United States,2021-06-17,33145561.0,0.864
341501,United States,2021-06-18,33158781.0,0.843
341502,United States,2021-06-19,33172265.0,0.799
341503,United States,2021-06-20,33184226.0,0.744
341504,United States,2021-06-21,33196576.0,0.762
341505,United States,2021-06-22,33205623.0,0.792
341506,United States,2021-06-23,33214191.0,0.821
341507,United States,2021-06-24,33227479.0,0.817
341508,United States,2021-06-25,33241320.0,0.813
341509,United States,2021-06-26,33256892.0,0.828
341510,United States,2021-06-27,33271863.0,0.887
341511,United States,2021-06-28,33285157.0,0.883
341512,United States,2021-06-29,33295833.0,0.862
341513,United States,2021-06-30,33306271.0,0.827
341514,United States,2021-07-01,33321785.0,0.816
341515,United States,2021-07-02,33333424.0,0.782
341516,United States,2021-07-03,33352010.0,0.771
341517,United States,2021-07-04,33368900.0,0.725
341518,United States,2021-07-05,33382089.0,0.687
341519,United States,2021-07-06,33392548.0,0.667
341520,United States,2021-07-07,33401695.0,0.633
341521,United States,2021-07-08,33421657.0,0.641
341522,United States,2021-07-09,33444293.0,0.644
341523,United States,2021-07-10,33627831.0,0.632
341524,United States,2021-07-11,33655410.0,0.637
341525,United States,2021-07-12,33676285.0,0.636
341526,United States,2021-07-13,33693007.0,0.633
341527,United States,2021-07-14,33721899.0,0.715
341528,United States,2021-07-15,33756877.0,0.73
341529,United States,2021-07-16,33795176.0,0.769
341530,United States,2021-07-17,33835731.0,0.793
341531,United States,2021-07-18,33877989.0,0.815
341532,United States,2021-07-19,33910128.0,0.83
341533,United States,2021-07-20,33938121.0,0.841
341534,United States,2021-07-21,33983316.0,0.837
341535,United States,2021-07-22,34034356.0,0.829
341536,United States,2021-07-23,34095669.0,0.853
341537,United States,2021-07-24,34167377.0,0.861
341538,United States,2021-07-25,34237016.0,0.88
341539,United States,2021-07-26,34290811.0,0.91
341540,United States,2021-07-27,34334017.0,0.954
341541,United States,2021-07-28,34405262.0,1.007
341542,United States,2021-07-29,34491067.0,1.083
341543,United States,2021-07-30,34580216.0,1.123
341544,United States,2021-07-31,34679583.0,1.189
341545,United States,2021-08-01,34784102.0,1.236
341546,United States,2021-08-02,34864669.0,1.296
341547,United States,2021-08-03,34925857.0,1.347
341548,United States,2021-08-04,35028266.0,1.45
341549,United States,2021-08-05,35138549.0,1.535
341550,United States,2021-08-06,35265382.0,1.639
341551,United States,2021-08-07,35393236.0,1.748
341552,United States,2021-08-08,35527158.0,1.88
341553,United States,2021-08-09,35647410.0,1.987
341554,United States,2021-08-10,35744200.0,2.054
341555,United States,2021-08-11,35837250.0,2.081
341556,United States,2021-08-12,35972677.0,2.191
341557,United States,2021-08-13,36116156.0,2.136
341558,United States,2021-08-14,36267317.0,2.229
341559,United States,2021-08-15,36413622.0,2.38
341560,United States,2021-08-16,36553470.0,2.489
341561,United States,2021-08-17,36664182.0,2.553
341562,United States,2021-08-18,36773137.0,2.606
341563,United States,2021-08-19,36923585.0,2.704
341564,United States,2021-08-20,37091747.0,3.077
341565,United States,2021-08-21,37266129.0,3.25
341566,United States,2021-08-22,37433588.0,3.402
341567,United States,2021-08-23,37575412.0,3.513
341568,United States,2021-08-24,37699893.0,3.606
341569,United States,2021-08-25,37820718.0,3.758
341570,United States,2021-08-26,37983132.0,3.953
341571,United States,2021-08-27,38160036.0,4.021
341572,United States,2021-08-28,38346307.0,4.182
341573,United States,2021-08-29,38528478.0,4.3
341574,United States,2021-08-30,38678500.0,4.423
341575,United States,2021-08-31,38794172.0,4.543
341576,United States,2021-09-01,38932772.0,4.559
341577,United States,2021-09-02,39109573.0,4.623
341578,United States,2021-09-03,39307200.0,4.774
341579,United States,2021-09-04,39490617.0,4.887
341580,United States,2021-09-05,39672729.0,4.945
341581,United States,2021-09-06,39814491.0,4.957
341582,United States,2021-09-07,39937573.0,5.017
341583,United States,2021-09-08,40053577.0,4.953
341584,United States,2021-09-09,40168253.0,4.833
341585,United States,2021-09-10,40339494.0,4.877
341586,United States,2021-09-11,40523208.0,4.969
341587,United States,2021-09-12,40695299.0,5.103
341588,United States,2021-09-13,40848842.0,5.209
341589,United States,2021-09-14,40962680.0,5.131
341590,United States,2021-09-15,41081651.0,5.241
341591,United States,2021-09-16,41243798.0,5.617
341592,United States,2021-09-17,41406926.0,5.777
341593,United States,2021-09-18,41574261.0,5.719
341594,United States,2021-09-19,41732753.0,5.739
341595,United States,2021-09-20,41855327.0,5.676
341596,United States,2021-09-21,41949971.0,5.698
341597,United States,2021-09-22,42048349.0,5.705
341598,United States,2021-09-23,42181330.0,5.676
341599,United States,2021-09-24,42314060.0,5.614
341600,United States,2021-09-25,42452316.0,5.599
341601,United States,2021-09-26,42585047.0,5.652
341602,United States,2021-09-27,42681213.0,5.587
341603,United States,2021-09-28,42756451.0,5.513
341604,United States,2021-09-29,42863770.0,5.762
341605,United States,2021-09-30,42979222.0,5.682
341606,United States,2021-10-01,43096019.0,5.641
341607,United States,2021-10-02,43220061.0,5.594
341608,United States,2021-10-03,43340735.0,5.486
341609,United States,2021-10-04,43422703.0,5.424
341610,United States,2021-10-05,43489342.0,5.391
341611,United States,2021-10-06,43581158.0,5.138
341612,United States,2021-10-07,43682957.0,5.095
341613,United States,2021-10-08,43801180.0,5.011
341614,United States,2021-10-09,43914218.0,4.916
341615,United States,2021-10-10,44022719.0,4.934
341616,United States,2021-10-11,44093308.0,4.834
341617,United States,2021-10-12,44151757.0,4.864
341618,United States,2021-10-13,44229718.0,4.724
341619,United States,2021-10-14,44319356.0,4.665
341620,United States,2021-10-15,44415668.0,4.577
341621,United States,2021-10-16,44512539.0,4.509
341622,United States,2021-10-17,44604956.0,4.418
341623,United States,2021-10-18,44667958.0,4.351
341624,United States,2021-10-19,44715603.0,4.217
341625,United States,2021-10-20,44787925.0,4.768
341626,United States,2021-10-21,44868520.0,4.741
341627,United States,2021-10-22,44945054.0,4.739
341628,United States,2021-10-23,45032625.0,4.716
341629,United States,2021-10-24,45113499.0,4.684
341630,United States,2021-10-25,45149613.0,4.583
341631,United States,2021-10-26,45177670.0,4.436
341632,United States,2021-10-27,45262130.0,3.887
341633,United States,2021-10-28,45363917.0,3.973
341634,United States,2021-10-29,45448116.0,3.941
341635,United States,2021-10-30,45551237.0,3.837
341636,United States,2021-10-31,45639685.0,3.765
341637,United States,2021-11-01,45674635.0,3.68
341638,United States,2021-11-02,45699982.0,3.661
341639,United States,2021-11-03,45817829.0,3.731
341640,United States,2021-11-04,45892422.0,3.477
341641,United States,2021-11-05,45971188.0,3.233
341642,United States,2021-11-06,46060038.0,3.202
341643,United States,2021-11-07,46149896.0,3.128
341644,United States,2021-11-08,46185883.0,3.138
341645,United States,2021-11-09,46217407.0,3.118
341646,United States,2021-11-10,46333798.0,3.103
341647,United States,2021-11-11,46416681.0,3.161
341648,United States,2021-11-12,46510430.0,3.228
341649,United States,2021-11-13,46584077.0,3.129
341650,United States,2021-11-14,46707076.0,3.179
341651,United States,2021-11-15,46776352.0,3.208
341652,United States,2021-11-16,46809945.0,3.192
341653,United States,2021-11-17,46943535.0,3.157
341654,United States,2021-11-18,47040450.0,3.106
341655,United States,2021-11-19,47146260.0,3.146
341656,United States,2021-11-20,47270130.0,4.37
341657,United States,2021-11-21,47383952.0,4.339
341658,United States,2021-11-22,47430146.0,4.268
341659,United States,2021-11-23,47468897.0,4.251
341660,United States,2021-11-24,47614275.0,4.292
341661,United States,2021-11-25,47715341.0,4.332
341662,United States,2021-11-26,47821876.0,4.304
341663,United States,2021-11-27,47894599.0,2.867
341664,United States,2021-11-28,47976346.0,2.403
341665,United States,2021-11-29,48028146.0,2.335
341666,United States,2021-11-30,48084683.0,2.342
341667,United States,2021-12-01,48178162.0,2.547
341668,United States,2021-12-02,48298852.0,2.573
341669,United States,2021-12-03,48431927.0,2.723
341670,United States,2021-12-04,48575796.0,3.051
341671,United States,2021-12-05,48727363.0,3.507
341672,United States,2021-12-06,48794715.0,3.658
341673,United States,2021-12-07,48850029.0,3.695
341674,United States,2021-12-08,49034072.0,3.537
341675,United States,2021-12-09,49159620.0,3.625
341676,United States,2021-12-10,49289328.0,3.521
341677,United States,2021-12-11,49426759.0,3.486
341678,United States,2021-12-12,49562332.0,3.626
341679,United States,2021-12-13,49626299.0,3.591
341680,United States,2021-12-14,49684408.0,3.602
341681,United States,2021-12-15,49870091.0,3.612
341682,United States,2021-12-16,49995533.0,3.644
341683,United States,2021-12-17,50142010.0,3.821
341684,United States,2021-12-18,50304678.0,3.801
341685,United States,2021-12-19,50461441.0,3.828
341686,United States,2021-12-20,50549025.0,3.87
341687,United States,2021-12-21,50651238.0,3.862
341688,United States,2021-12-22,50917397.0,3.927
341689,United States,2021-12-23,51120715.0,4.076
341690,United States,2021-12-24,51358598.0,4.056
341691,United States,2021-12-25,51637410.0,4.927
341692,United States,2021-12-26,51878860.0,4.646
341693,United States,2021-12-27,51994684.0,4.507
341694,United States,2021-12-28,52205968.0,4.499
341695,United States,2021-12-29,52670463.0,4.633
341696,United States,2021-12-30,53059977.0,4.664
341697,United States,2021-12-31,53534286.0,4.651
341698,United States,2022-01-01,54118933.0,3.872
341699,United States,2022-01-02,54590898.0,3.862
341700,United States,2022-01-03,54893855.0,3.933
341701,United States,2022-01-04,55284713.0,3.979
341702,United States,2022-01-05,56187104.0,3.931
341703,United States,2022-01-06,56919618.0,4.146
341704,United States,2022-01-07,57622408.0,4.155
341705,United States,2022-01-08,58420844.0,4.474
341706,United States,2022-01-09,59273795.0,4.948
341707,United States,2022-01-10,59722538.0,5.133
341708,United States,2022-01-11,60209079.0,5.27
341709,United States,2022-01-12,61474599.0,5.393
341710,United States,2022-01-13,62278138.0,5.54
341711,United States,2022-01-14,63134018.0,5.808
341712,United States,2022-01-15,64026321.0,5.846
341713,United States,2022-01-16,64924728.0,6.073
341714,United States,2022-01-17,65390685.0,6.288
341715,United States,2022-01-18,65809422.0,6.362
341716,United States,2022-01-19,66777887.0,6.147
341717,United States,2022-01-20,67634180.0,5.916
341718,United States,2022-01-21,68414646.0,6.245
341719,United States,2022-01-22,69191136.0,6.55
341720,United States,2022-01-23,69967616.0,6.887
341721,United States,2022-01-24,70296180.0,6.818
341722,United States,2022-01-25,70611127.0,6.855
341723,United States,2022-01-26,71622275.0,7.417
341724,United States,2022-01-27,72115507.0,7.792
341725,United States,2022-01-28,72660732.0,7.855
341726,United States,2022-01-29,73233552.0,7.854
341727,United States,2022-01-30,73756878.0,7.771
341728,United States,2022-01-31,73979050.0,7.897
341729,United States,2022-02-01,74137264.0,7.883
341730,United States,2022-02-02,74713785.0,7.88
341731,United States,2022-02-03,75010243.0,8.111
341732,United States,2022-02-04,75313648.0,8.03
341733,United States,2022-02-05,75663698.0,7.953
341734,United States,2022-02-06,75945588.0,7.877
341735,United States,2022-02-07,76050350.0,7.767
341736,United States,2022-02-08,76146928.0,7.678
341737,United States,2022-02-09,76452286.0,7.898
341738,United States,2022-02-10,76650207.0,7.783
341739,United States,2022-02-11,76846601.0,7.693
341740,United States,2022-02-12,77012391.0,7.636
341741,United States,2022-02-13,77167700.0,7.411
341742,United States,2022-02-14,77235588.0,7.291
341743,United States,2022-02-15,77283492.0,7.296
341744,United States,2022-02-16,77457785.0,7.158
341745,United States,2022-02-17,77565865.0,6.975
341746,United States,2022-02-18,77671579.0,6.849
341747,United States,2022-02-19,77772054.0,6.738
341748,United States,2022-02-20,77875856.0,6.491
341749,United States,2022-02-21,77916653.0,6.385
341750,United States,2022-02-22,77947827.0,6.326
341751,United States,2022-02-23,77996240.0,5.535
341752,United States,2022-02-24,78111262.0,5.485
341753,United States,2022-02-25,78184924.0,5.444
341754,United States,2022-02-26,78259986.0,5.517
341755,United States,2022-02-27,78334128.0,5.509
341756,United States,2022-02-28,78359790.0,5.45
341757,United States,2022-03-01,78377959.0,5.354
341758,United States,2022-03-02,78454196.0,5.861
341759,United States,2022-03-03,78518015.0,5.32
341760,United States,2022-03-04,78570799.0,4.866
341761,United States,2022-03-05,78622421.0,4.392
341762,United States,2022-03-06,78666637.0,4.087
341763,United States,2022-03-07,78680929.0,3.98
341764,United States,2022-03-08,78689870.0,3.983
341765,United States,2022-03-09,78747147.0,3.657
341766,United States,2022-03-10,78778319.0,3.557
341767,United States,2022-03-11,78824429.0,3.735
341768,United States,2022-03-12,78864027.0,3.69
341769,United States,2022-03-13,78900969.0,3.634
341770,United States,2022-03-14,78913128.0,3.712
341771,United States,2022-03-15,78922254.0,3.639
341772,United States,2022-03-16,78983223.0,
341773,United States,2022-03-17,79007718.0,2.87
341774,United States,2022-03-18,79045546.0,2.677
341775,United States,2022-03-19,79078705.0,2.596
341776,United States,2022-03-20,79109709.0,2.399
341777,United States,2022-03-21,79119590.0,2.27
341778,United States,2022-03-22,79129628.0,2.251
341779,United States,2022-03-23,79168456.0,2.584
341780,United States,2022-03-24,79193227.0,2.371
341781,United States,2022-03-25,79238387.0,2.263
341782,United States,2022-03-26,79274464.0,2.19
341783,United States,2022-03-27,79303178.0,2.108
341784,United States,2022-03-28,79315689.0,2.099
341785,United States,2022-03-29,79325442.0,2.076
341786,United States,2022-03-30,79357869.0,2.032
341787,United States,2022-03-31,79381947.0,1.946
341788,United States,2022-04-01,79430186.0,1.916
341789,United States,2022-04-02,79470249.0,1.835
341790,United States,2022-04-03,79497642.0,1.762
341791,United States,2022-04-04,79509319.0,1.748
341792,United States,2022-04-05,79519867.0,1.758
341793,United States,2022-04-06,79546797.0,1.604
341794,United States,2022-04-07,79580171.0,1.516
341795,United States,2022-04-08,79622427.0,1.419
341796,United States,2022-04-09,79656233.0,1.343
341797,United States,2022-04-10,79698834.0,1.464
341798,United States,2022-04-11,79712887.0,1.461
341799,United States,2022-04-12,79730201.0,1.441
341800,United States,2022-04-13,79764772.0,1.441
341801,United States,2022-04-14,79793561.0,1.53
341802,United States,2022-04-15,79839710.0,1.386
341803,United States,2022-04-16,79902418.0,1.465
341804,United States,2022-04-17,79946773.0,1.319
341805,United States,2022-04-18,79963590.0,1.28
341806,United States,2022-04-19,79982357.0,1.275
341807,United States,2022-04-20,80018360.0,1.293
341808,United States,2022-04-21,80071778.0,1.164
341809,United States,2022-04-22,80129186.0,1.14
341810,United States,2022-04-23,80178695.0,1.117
341811,United States,2022-04-24,80247494.0,1.032
341812,United States,2022-04-25,80270952.0,1.041
341813,United States,2022-04-26,80292055.0,1.043
341814,United States,2022-04-27,80341913.0,0.98
341815,United States,2022-04-28,80406327.0,0.962
341816,United States,2022-04-29,80483472.0,1.039
341817,United States,2022-04-30,80545387.0,0.884
341818,United States,2022-05-01,80626043.0,0.947
341819,United States,2022-05-02,80651982.0,0.954
341820,United States,2022-05-03,80678756.0,0.985
341821,United States,2022-05-04,80742856.0,0.969
341822,United States,2022-05-05,80815422.0,1.081
341823,United States,2022-05-06,80915959.0,1.112
341824,United States,2022-05-07,80995969.0,1.117
341825,United States,2022-05-08,81091701.0,1.115
341826,United States,2022-05-09,81119219.0,1.103
341827,United States,2022-05-10,81150972.0,1.073
341828,United States,2022-05-11,81251954.0,1.077
341829,United States,2022-05-12,81352203.0,0.97
341830,United States,2022-05-13,81479998.0,0.869
341831,United States,2022-05-14,81578703.0,0.853
341832,United States,2022-05-15,81696656.0,0.83
341833,United States,2022-05-16,81725755.0,0.838
341834,United States,2022-05-17,81771982.0,0.839
341835,United States,2022-05-18,81895377.0,0.857
341836,United States,2022-05-19,82024991.0,0.846
341837,United States,2022-05-20,82171411.0,0.863
341838,United States,2022-05-21,82281141.0,0.859
341839,United States,2022-05-22,82431151.0,0.879
341840,United States,2022-05-23,82467557.0,0.886
341841,United States,2022-05-24,82512436.0,0.887
341842,United States,2022-05-25,82623309.0,0.953
341843,United States,2022-05-26,82756651.0,0.997
341844,United States,2022-05-27,82910567.0,1.036
341845,United States,2022-05-28,83023741.0,1.068
341846,United States,2022-05-29,83171871.0,1.11
341847,United States,2022-05-30,83207922.0,1.106
341848,United States,2022-05-31,83243387.0,1.102
341849,United States,2022-06-01,83298912.0,0.971
341850,United States,2022-06-02,83454894.0,0.927
341851,United States,2022-06-03,83595845.0,0.875
341852,United States,2022-06-04,83707404.0,0.886
341853,United States,2022-06-05,83847498.0,0.836
341854,United States,2022-06-06,83894969.0,0.836
341855,United States,2022-06-07,83938284.0,0.865
341856,United States,2022-06-08,84037948.0,0.957
341857,United States,2022-06-09,84190255.0,1.004
341858,United States,2022-06-10,84334814.0,1.032
341859,United States,2022-06-11,84440779.0,0.994
341860,United States,2022-06-12,84588542.0,0.965
341861,United States,2022-06-13,84626249.0,0.989
341862,United States,2022-06-14,84664970.0,0.973
341863,United States,2022-06-15,84756328.0,0.969
341864,United States,2022-06-16,84894338.0,0.945
341865,United States,2022-06-17,85037513.0,0.914
341866,United States,2022-06-18,85135087.0,0.929
341867,United States,2022-06-19,85260798.0,0.93
341868,United States,2022-06-20,85296651.0,0.91
341869,United States,2022-06-21,85332168.0,0.92
341870,United States,2022-06-22,85384412.0,0.858
341871,United States,2022-06-23,85570904.0,0.898
341872,United States,2022-06-24,85705102.0,0.921
341873,United States,2022-06-25,85806971.0,1.002
341874,United States,2022-06-26,85970435.0,1.056
341875,United States,2022-06-27,86014447.0,1.061
341876,United States,2022-06-28,86058625.0,1.044
341877,United States,2022-06-29,86155155.0,1.093
341878,United States,2022-06-30,86309948.0,1.141
341879,United States,2022-07-01,86458907.0,1.111
341880,United States,2022-07-02,86571763.0,1.104
341881,United States,2022-07-03,86744207.0,1.116
341882,United States,2022-07-04,86792385.0,1.129
341883,United States,2022-07-05,86838581.0,1.133
341884,United States,2022-07-06,86884328.0,1.076
341885,United States,2022-07-07,87054017.0,1.01
341886,United States,2022-07-08,87199768.0,1.029
341887,United States,2022-07-09,87320363.0,1.035
341888,United States,2022-07-10,87487976.0,1.036
341889,United States,2022-07-11,87543553.0,1.023
341890,United States,2022-07-12,87600689.0,1.033
341891,United States,2022-07-13,87714345.0,1.1
341892,United States,2022-07-14,87898480.0,1.177
341893,United States,2022-07-15,88054481.0,1.224
341894,United States,2022-07-16,88193464.0,1.209
341895,United States,2022-07-17,88376205.0,1.176
341896,United States,2022-07-18,88433782.0,1.196
341897,United States,2022-07-19,88489852.0,1.223
341898,United States,2022-07-20,88591539.0,1.253
341899,United States,2022-07-21,88770914.0,1.276
341900,United States,2022-07-22,88929798.0,1.261
341901,United States,2022-07-23,89078243.0,1.277
341902,United States,2022-07-24,89284900.0,1.346
341903,United States,2022-07-25,89338159.0,1.348
341904,United States,2022-07-26,89392758.0,1.348
341905,United States,2022-07-27,89499161.0,1.328
341906,United States,2022-07-28,89667841.0,1.296
341907,United States,2022-07-29,89828672.0,1.305
341908,United States,2022-07-30,89973506.0,1.316
341909,United States,2022-07-31,90232883.0,1.315
341910,United States,2022-08-01,90270796.0,1.305
341911,United States,2022-08-02,90308740.0,1.282
341912,United States,2022-08-03,90427778.0,1.323
341913,United States,2022-08-04,90589127.0,1.361
341914,United States,2022-08-05,90738962.0,1.369
341915,United States,2022-08-06,90870365.0,1.386
341916,United States,2022-08-07,91020934.0,1.377
341917,United States,2022-08-08,91054175.0,1.388
341918,United States,2022-08-09,91086982.0,1.389
341919,United States,2022-08-10,91185609.0,1.362
341920,United States,2022-08-11,91322877.0,1.396
341921,United States,2022-08-12,91461235.0,1.421
341922,United States,2022-08-13,91586357.0,1.432
341923,United States,2022-08-14,91722552.0,1.454
341924,United States,2022-08-15,91753141.0,1.441
341925,United States,2022-08-16,91774239.0,1.439
341926,United States,2022-08-17,91873580.0,1.442
341927,United States,2022-08-18,92000206.0,1.412
341928,United States,2022-08-19,92120222.0,1.406
341929,United States,2022-08-20,92234527.0,1.384
341930,United States,2022-08-21,92367477.0,1.364
341931,United States,2022-08-22,92396101.0,1.368
341932,United States,2022-08-23,92423998.0,1.373
341933,United States,2022-08-24,92505698.0,1.359
341934,United States,2022-08-25,92621684.0,1.335
341935,United States,2022-08-26,92752272.0,1.338
341936,United States,2022-08-27,92862365.0,1.339
341937,United States,2022-08-28,92977806.0,1.36
341938,United States,2022-08-29,93006982.0,1.369
341939,United States,2022-08-30,93034055.0,1.369
341940,United States,2022-08-31,93112303.0,1.353
341941,United States,2022-09-01,93228515.0,1.335
341942,United States,2022-09-02,93349447.0,1.377
341943,United States,2022-09-03,93453039.0,1.361
341944,United States,2022-09-04,93558169.0,1.305
341945,United States,2022-09-05,93583081.0,1.285
341946,United States,2022-09-06,93607336.0,1.277
341947,United States,2022-09-07,93629782.0,1.212
341948,United States,2022-09-08,93748776.0,1.168
341949,United States,2022-09-09,93840466.0,1.093
341950,United States,2022-09-10,93925737.0,1.082
341951,United States,2022-09-11,94007678.0,1.109
341952,United States,2022-09-12,94029809.0,1.117
341953,United States,2022-09-13,94050025.0,1.106
341954,United States,2022-09-14,94107940.0,1.17
341955,United States,2022-09-15,94165923.0,1.184
341956,United States,2022-09-16,94255442.0,1.231
341957,United States,2022-09-17,94353005.0,1.32
341958,United States,2022-09-18,94414579.0,1.224
341959,United States,2022-09-19,94432151.0,1.209
341960,United States,2022-09-20,94452339.0,1.206
341961,United States,2022-09-21,94497133.0,1.19
341962,United States,2022-09-22,94546727.0,1.166
341963,United States,2022-09-23,94630706.0,1.123
341964,United States,2022-09-24,94729904.0,1.152
341965,United States,2022-09-25,94783304.0,1.142
341966,United States,2022-09-26,94799175.0,1.144
341967,United States,2022-09-27,94814470.0,1.147
341968,United States,2022-09-28,94852112.0,1.149
341969,United States,2022-09-29,94892499.0,1.131
341970,United States,2022-09-30,94970674.0,1.324
341971,United States,2022-10-01,95057826.0,1.258
341972,United States,2022-10-02,95104538.0,1.259
341973,United States,2022-10-03,95116740.0,1.269
341974,United States,2022-10-04,95130596.0,1.257
341975,United States,2022-10-05,95162964.0,1.236
341976,United States,2022-10-06,95200619.0,1.228
341977,United States,2022-10-07,95264812.0,1.064
341978,United States,2022-10-08,95343411.0,1.087
341979,United States,2022-10-09,95385122.0,1.081
341980,United States,2022-10-10,95396455.0,1.059
341981,United States,2022-10-11,95409675.0,1.068
341982,United States,2022-10-12,95434094.0,1.062
341983,United States,2022-10-13,95472250.0,1.043
341984,United States,2022-10-14,95529714.0,0.994
341985,United States,2022-10-15,95602703.0,0.991
341986,United States,2022-10-16,95636402.0,0.96
341987,United States,2022-10-17,95642452.0,0.941
341988,United States,2022-10-18,95653603.0,0.911
341989,United States,2022-10-19,95687463.0,0.939
341990,United States,2022-10-20,95726462.0,0.967
341991,United States,2022-10-21,95726462.0,0.692
341992,United States,2022-10-22,95920136.0,1.358
341993,United States,2022-10-23,95920136.0,1.248
341994,United States,2022-10-24,95920136.0,1.237
341995,United States,2022-10-25,95920136.0,1.234
341996,United States,2022-10-26,95920136.0,1.135
341997,United States,2022-10-27,95920136.0,0.938
341998,United States,2022-10-28,96175292.0,2.239
341999,United States,2022-10-29,96175292.0,1.301
342000,United States,2022-10-30,96175292.0,1.301
342001,United States,2022-10-31,96175292.0,1.301
342002,United States,2022-11-01,96175292.0,1.301
342003,United States,2022-11-02,96175292.0,1.301
342004,United States,2022-11-03,96175292.0,1.301
342005,United States,2022-11-04,96442596.0,1.04
342006,United States,2022-11-05,96442596.0,1.04
342007,United States,2022-11-06,96442596.0,1.04
342008,United States,2022-11-07,96442596.0,1.04
342009,United States,2022-11-08,96442596.0,1.04
342010,United States,2022-11-09,96442596.0,1.04
342011,United States,2022-11-10,96442596.0,1.04
342012,United States,2022-11-11,96725493.0,0.967
342013,United States,2022-11-12,96725493.0,0.967
342014,United States,2022-11-13,96725493.0,0.967
342015,United States,2022-11-14,96725493.0,0.967
342016,United States,2022-11-15,96725493.0,0.967
342017,United States,2022-11-16,96725493.0,0.967
342018,United States,2022-11-17,96725493.0,0.967
342019,United States,2022-11-18,97000477.0,0.93
342020,United States,2022-11-19,97000477.0,0.93
342021,United States,2022-11-20,97000477.0,0.93
342022,United States,2022-11-21,97000477.0,0.93
342023,United States,2022-11-22,97000477.0,0.93
342024,United States,2022-11-23,97000477.0,0.93
342025,United States,2022-11-24,97000477.0,0.93
342026,United States,2022-11-25,97300648.0,1.106
342027,United States,2022-11-26,97300648.0,1.106
342028,United States,2022-11-27,97300648.0,1.106
342029,United States,2022-11-28,97300648.0,1.106
342030,United States,2022-11-29,97300648.0,1.106
342031,United States,2022-11-30,97300648.0,1.106
342032,United States,2022-12-01,97300648.0,1.106
342033,United States,2022-12-02,97603247.0,0.745
342034,United States,2022-12-03,97603247.0,0.745
342035,United States,2022-12-04,97603247.0,0.745
342036,United States,2022-12-05,97603247.0,0.745
342037,United States,2022-12-06,97603247.0,0.745
342038,United States,2022-12-07,97603247.0,0.745
342039,United States,2022-12-08,97603247.0,0.745
342040,United States,2022-12-09,98065470.0,1.282
342041,United States,2022-12-10,98065470.0,1.282
342042,United States,2022-12-11,98065470.0,1.282
342043,United States,2022-12-12,98065470.0,1.282
342044,United States,2022-12-13,98065470.0,1.282
342045,United States,2022-12-14,98065470.0,1.282
342046,United States,2022-12-15,98065470.0,1.282
342047,United States,2022-12-16,98511484.0,1.12
342048,United States,2022-12-17,98511484.0,1.12
342049,United States,2022-12-18,98511484.0,1.12
342050,United States,2022-12-19,98511484.0,1.12
342051,United States,2022-12-20,98511484.0,1.12
342052,United States,2022-12-21,98511484.0,1.12
342053,United States,2022-12-22,98511484.0,1.12
342054,United States,2022-12-23,99019493.0,1.281
342055,United States,2022-12-24,99019493.0,1.281
342056,United States,2022-12-25,99019493.0,1.281
342057,United States,2022-12-26,99019493.0,1.281
342058,United States,2022-12-27,99019493.0,1.281
342059,United States,2022-12-28,99019493.0,1.281
342060,United States,2022-12-29,99019493.0,1.281
342061,United States,2022-12-30,99411696.0,1.047
342062,United States,2022-12-31,99411696.0,1.047
342063,United States,2023-01-01,99411696.0,1.047
342064,United States,2023-01-02,99411696.0,1.047
342065,United States,2023-01-03,99411696.0,1.047
342066,United States,2023-01-04,99411696.0,1.047
342067,United States,2023-01-05,99411696.0,1.047
342068,United States,2023-01-06,99883410.0,1.167
342069,United States,2023-01-07,99883410.0,1.167
342070,United States,2023-01-08,99883410.0,1.167
342071,United States,2023-01-09,99883410.0,1.167
342072,United States,2023-01-10,99883410.0,1.167
342073,United States,2023-01-11,99883410.0,1.167
342074,United States,2023-01-12,99883410.0,1.167
342075,United States,2023-01-13,100331502.0,1.861
342076,United States,2023-01-14,100331502.0,1.861
342077,United States,2023-01-15,100331502.0,1.861
342078,United States,2023-01-16,100331502.0,1.861
342079,United States,2023-01-17,100331502.0,1.861
342080,United States,2023-01-18,100331502.0,1.861
342081,United States,2023-01-19,100331502.0,1.861
342082,United States,2023-01-20,100639527.0,1.547
342083,United States,2023-01-21,100639527.0,1.547
342084,United States,2023-01-22,100639527.0,1.547
342085,United States,2023-01-23,100639527.0,1.547
342086,United States,2023-01-24,100639527.0,1.547
342087,United States,2023-01-25,100639527.0,1.547
342088,United States,2023-01-26,100639527.0,1.547
342089,United States,2023-01-27,100934394.0,1.581
342090,United States,2023-01-28,100934394.0,1.581
342091,United States,2023-01-29,100934394.0,1.581
342092,United States,2023-01-30,100934394.0,1.581
342093,United States,2023-01-31,100934394.0,1.581
342094,United States,2023-02-01,100934394.0,1.581
342095,United States,2023-02-02,100934394.0,1.581
342096,United States,2023-02-03,101219796.0,1.458
342097,United States,2023-02-04,101219796.0,1.458
342098,United States,2023-02-05,101219796.0,1.458
342099,United States,2023-02-06,101219796.0,1.458
342100,United States,2023-02-07,101219796.0,1.458
342101,United States,2023-02-08,101219796.0,1.458
342102,United States,2023-02-09,101219796.0,1.458
342103,United States,2023-02-10,101498024.0,1.453
342104,United States,2023-02-11,101498024.0,1.453
342105,United States,2023-02-12,101498024.0,1.453
342106,United States,2023-02-13,101498024.0,1.453
342107,United States,2023-02-14,101498024.0,1.453
342108,United States,2023-02-15,101498024.0,1.453
342109,United States,2023-02-16,101498024.0,1.453
342110,United States,2023-02-17,101752396.0,1.206
342111,United States,2023-02-18,101752396.0,1.206
342112,United States,2023-02-19,101752396.0,1.206
342113,United States,2023-02-20,101752396.0,1.206
342114,United States,2023-02-21,101752396.0,1.206
342115,United States,2023-02-22,101752396.0,1.206
342116,United States,2023-02-23,101752396.0,1.206
342117,United States,2023-02-24,101752396.0,0.0
342118,United States,2023-02-25,102019564.0,0.997
342119,United States,2023-02-26,102019564.0,0.997
342120,United States,2023-02-27,102019564.0,0.997
342121,United States,2023-02-28,102019564.0,0.997
342122,United States,2023-03-01,102019564.0,0.997
342123,United States,2023-03-02,102019564.0,0.997
342124,United States,2023-03-03,102019564.0,0.997
342125,United States,2023-03-04,102247392.0,0.928
342126,United States,2023-03-05,102247392.0,0.928
342127,United States,2023-03-06,102247392.0,0.928
342128,United States,2023-03-07,102247392.0,0.928
342129,United States,2023-03-08,102247392.0,0.928
342130,United States,2023-03-09,102247392.0,0.928
342131,United States,2023-03-10,102247392.0,0.928
342132,United States,2023-03-11,102417985.0,0.797
342133,United States,2023-03-12,102417985.0,0.797
342134,United States,2023-03-13,102417985.0,0.797
342135,United States,2023-03-14,102417985.0,0.797
342136,United States,2023-03-15,102417985.0,0.797
342137,United States,2023-03-16,102417985.0,0.797
342138,United States,2023-03-17,102417985.0,0.797
342139,United States,2023-03-18,102544598.0,0.735
342140,United States,2023-03-19,102544598.0,0.735
342141,United States,2023-03-20,102544598.0,0.735
342142,United States,2023-03-21,102544598.0,0.735
342143,United States,2023-03-22,102544598.0,0.735
342144,United States,2023-03-23,102544598.0,0.735
342145,United States,2023-03-24,102544598.0,0.735
342146,United States,2023-03-25,102697566.0,0.88
342147,United States,2023-03-26,102697566.0,0.88
342148,United States,2023-03-27,102697566.0,0.88
342149,United States,2023-03-28,102697566.0,0.88
342150,United States,2023-03-29,102697566.0,0.88
342151,United States,2023-03-30,102697566.0,0.88
342152,United States,2023-03-31,102697566.0,0.88
342153,United States,2023-04-01,102873924.0,0.737
342154,United States,2023-04-02,102873924.0,0.737
342155,United States,2023-04-03,102873924.0,0.737
342156,United States,2023-04-04,102873924.0,0.737
342157,United States,2023-04-05,102873924.0,0.737
342158,United States,2023-04-06,102873924.0,0.737
342159,United States,2023-04-07,102873924.0,0.737
342160,United States,2023-04-08,102873924.0,0.0
342161,United States,2023-04-09,102977396.0,0.73
342162,United States,2023-04-10,102977396.0,0.73
342163,United States,2023-04-11,102977396.0,0.73
342164,United States,2023-04-12,102977396.0,0.73
342165,United States,2023-04-13,102977396.0,0.73
342166,United States,2023-04-14,102977396.0,0.73
342167,United States,2023-04-15,102977396.0,0.73
342168,United States,2023-04-16,103081453.0,0.545
342169,United States,2023-04-17,103081453.0,0.545
342170,United States,2023-04-18,103081453.0,0.545
342171,United States,2023-04-19,103081453.0,0.545
342172,United States,2023-04-20,103081453.0,0.545
342173,United States,2023-04-21,103081453.0,0.545
342174,United States,2023-04-22,103081453.0,0.545
342175,United States,2023-04-23,103179920.0,0.506
342176,United States,2023-04-24,103179920.0,0.506
